{"mean": {"Random Forest": 0.5742892263935458, "Decision Tree": 0.5541274575688641, "Ridge Regression": 0.5521569543510771, "Linear Regression": 0.552311461223636}, "std": {"Random Forest": 0.042509024312592424, "Decision Tree": 0.0434191763600148, "Ridge Regression": 0.04028988647764896, "Linear Regression": 0.042508107846632906}}